"OldName","NewName"
"photo_-_-_jpg.rf.007231877bace99d886c957427bf5e89.jpg","receipt_001.jpg"
"photo_-_-_jpg.rf.02c8d0778982612b29a7d8d498e91ea3.jpg","receipt_002.jpg"
"photo_-_-_jpg.rf.051cb992efec9eab23bf71fd24bc8614.jpg","receipt_003.jpg"
"photo_-_-_jpg.rf.05b2610ab3607e7125fc8fd294b6b7e7.jpg","receipt_004.jpg"
"photo_-_-_jpg.rf.063db28c93db86422f203c42f20ec185.jpg","receipt_005.jpg"
"photo_-_-_jpg.rf.070c7fc297026e47460d5393597227a3.jpg","receipt_006.jpg"
"photo_-_-_jpg.rf.07f7f9ffe53baf31f0a075eb39489f53.jpg","receipt_007.jpg"
"photo_-_-_jpg.rf.0dce80640d2c931637c344110be7f58f.jpg","receipt_008.jpg"
"photo_-_-_jpg.rf.0f526119fb165002d193bd1096258ee3.jpg","receipt_009.jpg"
"photo_-_-_jpg.rf.13c6b84155abead647b6f739a6516d5f.jpg","receipt_010.jpg"
"photo_-_-_jpg.rf.204147316d2ab4b1df7c6b7cf30a263f.jpg","receipt_011.jpg"
"photo_-_-_jpg.rf.20a5d7ae86b242d700a3081489fe11e4.jpg","receipt_012.jpg"
"photo_-_-_jpg.rf.21ecd506fd183011eb778af8ce0465a9.jpg","receipt_013.jpg"
"photo_-_-_jpg.rf.2411c5e752d76e6a110bd9a30d35a05a.jpg","receipt_014.jpg"
"photo_-_-_jpg.rf.244fb7c26ddccef4e37a92175127b80b.jpg","receipt_015.jpg"
"photo_-_-_jpg.rf.26277120a357d2f0f4f9a568dc098986.jpg","receipt_016.jpg"
"photo_-_-_jpg.rf.262b02b6b9108778bbd5643b98f86f20.jpg","receipt_017.jpg"
"photo_-_-_jpg.rf.2c629af7f401b797261eb31ad67dac48.jpg","receipt_018.jpg"
"photo_-_-_jpg.rf.3365feda574fa570e55a85b7c5cb91fa.jpg","receipt_019.jpg"
"photo_-_-_jpg.rf.36a2f1192d2755452ad62024b57d5e8a.jpg","receipt_020.jpg"
"photo_-_-_jpg.rf.3724b50b3764fabb375e2201ee12eabd.jpg","receipt_021.jpg"
"photo_-_-_jpg.rf.380ff00e37f4580583a875b7a9c58857.jpg","receipt_022.jpg"
"photo_-_-_jpg.rf.397d87cfdf84e2a4814a716853e74314.jpg","receipt_023.jpg"
"photo_-_-_jpg.rf.418c35e9d543d8b068b70ded8ffe81fd.jpg","receipt_024.jpg"
"photo_-_-_jpg.rf.42a1aad6059dbfcfb961ff54d084db3e.jpg","receipt_025.jpg"
"photo_-_-_jpg.rf.450702085b348dc6798179196eeb3e4e.jpg","receipt_026.jpg"
"photo_-_-_jpg.rf.45f8a47143b5a70511f63397ed45065b.jpg","receipt_027.jpg"
"photo_-_-_jpg.rf.4b337f0dc9624c0ccc8e1c4debbe64f9.jpg","receipt_028.jpg"
"photo_-_-_jpg.rf.4f4dcf8397978d69a6e7f93ee81c2c04.jpg","receipt_029.jpg"
"photo_-_-_jpg.rf.506486cd4baac307f7676a151a881e3d.jpg","receipt_030.jpg"
"photo_-_-_jpg.rf.5660440f9247371a24925b8ce894b647.jpg","receipt_031.jpg"
"photo_-_-_jpg.rf.56652afbecf1e6f7ff8e61c120a9ff5d.jpg","receipt_032.jpg"
"photo_-_-_jpg.rf.59a0e6c6e2c8730e79d04e24829108da.jpg","receipt_033.jpg"
"photo_-_-_jpg.rf.59f3126b2ab1cc1970bbe114037d3f09.jpg","receipt_034.jpg"
"photo_-_-_jpg.rf.5bd897802078ef95d096d3c873bd0448.jpg","receipt_035.jpg"
"photo_-_-_jpg.rf.5c29c326f5e37dec855e0761c269f89c.jpg","receipt_036.jpg"
"photo_-_-_jpg.rf.5cdbf7d1fee6940fd28e3075ef79ab64.jpg","receipt_037.jpg"
"photo_-_-_jpg.rf.5da3cae03f6289421409688b3294a3fd.jpg","receipt_038.jpg"
"photo_-_-_jpg.rf.5f30312c17a5f910f9d3e8b003629279.jpg","receipt_039.jpg"
"photo_-_-_jpg.rf.63ac497d5cc30de97e4a335ed6244431.jpg","receipt_040.jpg"
"photo_-_-_jpg.rf.642e1826686c1c3d3c92fd5fc9a1b1e0.jpg","receipt_041.jpg"
"photo_-_-_jpg.rf.64cfa0f2e2e33c2db0b616ae6fe28b50.jpg","receipt_042.jpg"
"photo_-_-_jpg.rf.65d095e47d4f5944c70cf43bef23511f.jpg","receipt_043.jpg"
"photo_-_-_jpg.rf.6695bb2288033c6f11a03f39d117e449.jpg","receipt_044.jpg"
"photo_-_-_jpg.rf.68a0a4ab7d5ab1cd76d2ac5afdde6c84.jpg","receipt_045.jpg"
"photo_-_-_jpg.rf.698230b591a8106b00b1a9ff82d63566.jpg","receipt_046.jpg"
"photo_-_-_jpg.rf.69c839bec3d01e25a831486aae3c09a5.jpg","receipt_047.jpg"
"photo_-_-_jpg.rf.7028e89908cbca89d86fc6b0baf7c949.jpg","receipt_048.jpg"
"photo_-_-_jpg.rf.73c1708621dc3c746a9357f4d6940870.jpg","receipt_049.jpg"
"photo_-_-_jpg.rf.742f40d62611f1aa6f67b56d9036a940.jpg","receipt_050.jpg"
"photo_-_-_jpg.rf.7708623617352a1858d83dd7c1d48fe8.jpg","receipt_051.jpg"
"photo_-_-_jpg.rf.79414bcd679d6e90f829af41880d0321.jpg","receipt_052.jpg"
"photo_-_-_jpg.rf.7a531f3eaf56f9a235ac6fa2ccb64d93.jpg","receipt_053.jpg"
"photo_-_-_jpg.rf.7b09012d77a1fadf1c04d5718afdc279.jpg","receipt_054.jpg"
"photo_-_-_jpg.rf.7e48b6233e258f27fe35cd681c7caf30.jpg","receipt_055.jpg"
"photo_-_-_jpg.rf.820878c3b41854f62baebf6df2e8ca17.jpg","receipt_056.jpg"
"photo_-_-_jpg.rf.830a6ea7f7514e63f7e48f58a7c1d6ba.jpg","receipt_057.jpg"
"photo_-_-_jpg.rf.837aac18d341c584022a92e529a74e3e.jpg","receipt_058.jpg"
"photo_-_-_jpg.rf.86ec848c11b5a75921d9384671ec0860.jpg","receipt_059.jpg"
"photo_-_-_jpg.rf.88a1b541414b484636d946201b701523.jpg","receipt_060.jpg"
"photo_-_-_jpg.rf.8b51c45e273adb15034f86ac14b89033.jpg","receipt_061.jpg"
"photo_-_-_jpg.rf.8c4cb182482643e69bc30b777e0e5784.jpg","receipt_062.jpg"
"photo_-_-_jpg.rf.8c9a8f8f5543125aefcf83f496ee66e6.jpg","receipt_063.jpg"
"photo_-_-_jpg.rf.8e3c4f7d54549f12a6a48e4559ee0d26.jpg","receipt_064.jpg"
"photo_-_-_jpg.rf.92dd714d81261a23997c43045d6970d1.jpg","receipt_065.jpg"
"photo_-_-_jpg.rf.92f3ef17982c7a5b5d60c5836acc1a86.jpg","receipt_066.jpg"
"photo_-_-_jpg.rf.9324c11505bce807a302543234f1605b.jpg","receipt_067.jpg"
"photo_-_-_jpg.rf.959d2fd06e303296a02216ae99b7e718.jpg","receipt_068.jpg"
"photo_-_-_jpg.rf.99698c45b25fe580f0ef5a09264fbd02.jpg","receipt_069.jpg"
"photo_-_-_jpg.rf.997b6fac3191a7558346ad68c8de1ee3.jpg","receipt_070.jpg"
"photo_-_-_jpg.rf.99eebf925aa6534c5a55d63e35569f95.jpg","receipt_071.jpg"
"photo_-_-_jpg.rf.9fb5601a39b425ba57676b6bc8f20832.jpg","receipt_072.jpg"
"photo_-_-_jpg.rf.a185a25e361a4e23b6bd78aa518d753a.jpg","receipt_073.jpg"
"photo_-_-_jpg.rf.a6c80be5ed7c81768c3a29bb55dcb925.jpg","receipt_074.jpg"
"photo_-_-_jpg.rf.a757a68ccbeac5902ec4662dabc20c6b.jpg","receipt_075.jpg"
"photo_-_-_jpg.rf.ae26ebf780f047544cf70c27303867cf.jpg","receipt_076.jpg"
"photo_-_-_jpg.rf.afc6b7c748997adccb95e865a798abaf.jpg","receipt_077.jpg"
"photo_-_-_jpg.rf.b396f71d51b1eb6863a5a735792e5c9b.jpg","receipt_078.jpg"
"photo_-_-_jpg.rf.b8bb2014c75a67d5e75894a05c81e389.jpg","receipt_079.jpg"
"photo_-_-_jpg.rf.ba35c441603f3e4e4c2fca2526c59f6c.jpg","receipt_080.jpg"
"photo_-_-_jpg.rf.bab1e2df3e4f67f60a55232fbdc256d7.jpg","receipt_081.jpg"
"photo_-_-_jpg.rf.c03e29dbb35cf799de686c471caa5c88.jpg","receipt_082.jpg"
"photo_-_-_jpg.rf.c1c990d69face63f04f520739b85254a.jpg","receipt_083.jpg"
"photo_-_-_jpg.rf.c2a5d5ec17e63844fc184b263099e53b.jpg","receipt_084.jpg"
"photo_-_-_jpg.rf.c2bec54cf34afc5255ccfe6b0db0444c.jpg","receipt_085.jpg"
"photo_-_-_jpg.rf.c730017edfabec02399483be0449d4cb.jpg","receipt_086.jpg"
"photo_-_-_jpg.rf.cce706d1da7a3cdc1e6deff3ac32ac75.jpg","receipt_087.jpg"
"photo_-_-_jpg.rf.cf1e418a00b1b7a7d708fb45a41a8ca4.jpg","receipt_088.jpg"
"photo_-_-_jpg.rf.d26d638b911300ea049947139824d7a1.jpg","receipt_089.jpg"
"photo_-_-_jpg.rf.d4f3588551aa8687d07b11a842b7c4bb.jpg","receipt_090.jpg"
"photo_-_-_jpg.rf.d8abefdbc6b87029342250cf54b95a9b.jpg","receipt_091.jpg"
"photo_-_-_jpg.rf.de9b28ff87ea59f70dbe89eacc4ca3e5.jpg","receipt_092.jpg"
"photo_-_-_jpg.rf.e250791654136b65284a048b22db5dfc.jpg","receipt_093.jpg"
"photo_-_-_jpg.rf.e2b8e6018764f1362585763fdcbe2c55.jpg","receipt_094.jpg"
"photo_-_-_jpg.rf.e67f5b342cc0a0161b383563097b4fb3.jpg","receipt_095.jpg"
"photo_-_-_jpg.rf.eb693bc3cd38f410b55b5a2d13926701.jpg","receipt_096.jpg"
"photo_-_-_jpg.rf.edc9135f4c90e8f8d4e481afd0bed0d4.jpg","receipt_097.jpg"
"photo_-_-_jpg.rf.eebf31bdaad7126aff014d79e003962d.jpg","receipt_098.jpg"
"photo_-_-_jpg.rf.f185ca773308c8525a2dd491590cf128.jpg","receipt_099.jpg"
"photo_-_-_jpg.rf.f1d648e88083e488cdafa850f908a70d.jpg","receipt_100.jpg"
"photo_-_-_jpg.rf.f555f11582e4f67b639586d00fb412a0.jpg","receipt_101.jpg"
"photo_-_-_jpg.rf.f5d31c8a20c5852a2c2dd0c5bfb9ac7f.jpg","receipt_102.jpg"
"photo_-_-2-_jpg.rf.044fd94cbdd4df15034a22027bfe1c7a.jpg","receipt_103.jpg"
"photo_-_-2-_jpg.rf.0793d20d50497c044f00c180a25e35ea.jpg","receipt_104.jpg"
"photo_-_-2-_jpg.rf.0ee5e72b4481f3b537cb6f222579bd74.jpg","receipt_105.jpg"
"photo_-_-2-_jpg.rf.141a9141dfe49b16d11bf1147551d3db.jpg","receipt_106.jpg"
"photo_-_-2-_jpg.rf.1725149f57dc792646e232d8e034cf70.jpg","receipt_107.jpg"
"photo_-_-2-_jpg.rf.18bedf27ad694dafe9d302f52e7ebc6b.jpg","receipt_108.jpg"
"photo_-_-2-_jpg.rf.192cd6774de16957f80a9df6388018a3.jpg","receipt_109.jpg"
"photo_-_-2-_jpg.rf.1cb4f2c5e66a7dbc600f4384dd7ab7d1.jpg","receipt_110.jpg"
"photo_-_-2-_jpg.rf.1d111c3f5ca2d3bfe2736dc82256654c.jpg","receipt_111.jpg"
"photo_-_-2-_jpg.rf.21d9b67015135976fcee0a3b96ecffe9.jpg","receipt_112.jpg"
"photo_-_-2-_jpg.rf.2487bb6942843973a78d2a8f49aaafbb.jpg","receipt_113.jpg"
"photo_-_-2-_jpg.rf.259a97362a9dae77adb93821d1d8175d.jpg","receipt_114.jpg"
"photo_-_-2-_jpg.rf.28333b1442e7f9728685646458ee018d.jpg","receipt_115.jpg"
"photo_-_-2-_jpg.rf.292ec499ec71b28f83b1eaabccfa0e27.jpg","receipt_116.jpg"
"photo_-_-2-_jpg.rf.2a8ed130b75f0a7348c63f8c8eb72f71.jpg","receipt_117.jpg"
"photo_-_-2-_jpg.rf.2c0f826899bf1365893ee4febd245a56.jpg","receipt_118.jpg"
"photo_-_-2-_jpg.rf.308d8bc799c7d49be665e151979b82eb.jpg","receipt_119.jpg"
"photo_-_-2-_jpg.rf.337b938f326212921aee76563a050f81.jpg","receipt_120.jpg"
"photo_-_-2-_jpg.rf.3483a295c1722eca757826243da2337f.jpg","receipt_121.jpg"
"photo_-_-2-_jpg.rf.39940c58f486e21848a37473f921f8ac.jpg","receipt_122.jpg"
"photo_-_-2-_jpg.rf.3e49d0794323a155737e06b595698bc3.jpg","receipt_123.jpg"
"photo_-_-2-_jpg.rf.41f1e6b30e48f144311493f78a74306c.jpg","receipt_124.jpg"
"photo_-_-2-_jpg.rf.421f3267ab90f37bbccc910604f3ab2c.jpg","receipt_125.jpg"
"photo_-_-2-_jpg.rf.45ffe9e5aebea092530cf1750ae3ccd4.jpg","receipt_126.jpg"
"photo_-_-2-_jpg.rf.4675697b13600e49c3f6864e1d63e491.jpg","receipt_127.jpg"
"photo_-_-2-_jpg.rf.4b86096e05ac23e3cd38637a5be9bd28.jpg","receipt_128.jpg"
"photo_-_-2-_jpg.rf.4b94f9061d9c2312ca30677e8ebd99d5.jpg","receipt_129.jpg"
"photo_-_-2-_jpg.rf.4c0667c85e9983ea7ddebdd0970021e0.jpg","receipt_130.jpg"
"photo_-_-2-_jpg.rf.517168d0f5eb19ce38b833e60320d762.jpg","receipt_131.jpg"
"photo_-_-2-_jpg.rf.5360608934abc904f7226131191f4b81.jpg","receipt_132.jpg"
"photo_-_-2-_jpg.rf.5490cca8ccc11bb3a7df048982c2cc9b.jpg","receipt_133.jpg"
"photo_-_-2-_jpg.rf.5555205c618f181fa866683f4b50a614.jpg","receipt_134.jpg"
"photo_-_-2-_jpg.rf.55c388d055d76b4b698f74eae88b5093.jpg","receipt_135.jpg"
"photo_-_-2-_jpg.rf.55faec940f4792425e01ca00b8853bb2.jpg","receipt_136.jpg"
"photo_-_-2-_jpg.rf.59b005036d35634e0e2a9960e6ed7e9f.jpg","receipt_137.jpg"
"photo_-_-2-_jpg.rf.5bc95b9010322cd9e5f9f1e7508804fa.jpg","receipt_138.jpg"
"photo_-_-2-_jpg.rf.5d261c745c7401a56fd12bf418e313dd.jpg","receipt_139.jpg"
"photo_-_-2-_jpg.rf.644db7fd4e337ee552fe4b28cee48322.jpg","receipt_140.jpg"
"photo_-_-2-_jpg.rf.654b598bc4400caba618923d5748d568.jpg","receipt_141.jpg"
"photo_-_-2-_jpg.rf.66256172b1cc840a2648325909135417.jpg","receipt_142.jpg"
"photo_-_-2-_jpg.rf.6962ebb7ab5dbda990f48af52dde73de.jpg","receipt_143.jpg"
"photo_-_-2-_jpg.rf.6d0cda32c8d7f6844235f140d16e5730.jpg","receipt_144.jpg"
"photo_-_-2-_jpg.rf.6d5ae5b9c1914ebaafa72a54b81481b3.jpg","receipt_145.jpg"
"photo_-_-2-_jpg.rf.70f455548b713a018c6bd53dbada9410.jpg","receipt_146.jpg"
"photo_-_-2-_jpg.rf.7463db4233423c0f72c0a1e4c17d57af.jpg","receipt_147.jpg"
"photo_-_-2-_jpg.rf.7638249c93147d78a94011367b881539.jpg","receipt_148.jpg"
"photo_-_-2-_jpg.rf.82fffd8503999471270617f40a29d600.jpg","receipt_149.jpg"
"photo_-_-2-_jpg.rf.8a82e4e87ee3e1087760fa779e3fe456.jpg","receipt_150.jpg"
"photo_-_-2-_jpg.rf.8a9e55b02a036fb3f6c45869297c9a7d.jpg","receipt_151.jpg"
"photo_-_-2-_jpg.rf.8d59dd379fbadfd8b4495e986e9317bc.jpg","receipt_152.jpg"
"photo_-_-2-_jpg.rf.8fc2d64198cb67e1f0c66e9433f566c8.jpg","receipt_153.jpg"
"photo_-_-2-_jpg.rf.95ea4d895b72bf86341a3a5144c79f7e.jpg","receipt_154.jpg"
"photo_-_-2-_jpg.rf.969482a3da72541082e1886cfc6cf1bd.jpg","receipt_155.jpg"
"photo_-_-2-_jpg.rf.98157255032c7dc01dc7eb04caa6eed0.jpg","receipt_156.jpg"
"photo_-_-2-_jpg.rf.9ca7c23b80fa01a75cb071f462f5a90f.jpg","receipt_157.jpg"
"photo_-_-2-_jpg.rf.a24beefc6a62e4be8d0e3cdf42a6cbed.jpg","receipt_158.jpg"
"photo_-_-2-_jpg.rf.a7111093a350afec02755ca4033a8457.jpg","receipt_159.jpg"
"photo_-_-2-_jpg.rf.aa45ed3ff70460eea22ef37ac22c7381.jpg","receipt_160.jpg"
"photo_-_-2-_jpg.rf.b0553f33274bd0732fb05d677c08a297.jpg","receipt_161.jpg"
"photo_-_-2-_jpg.rf.b0bfab90b7deec7b880a76222bc3613c.jpg","receipt_162.jpg"
"photo_-_-2-_jpg.rf.b2d58a24e78f4414639c54649aee074d.jpg","receipt_163.jpg"
"photo_-_-2-_jpg.rf.b30283815f352240c8ad7be191e30ab4.jpg","receipt_164.jpg"
"photo_-_-2-_jpg.rf.b3653775c2887d7de91fd2465a125d3c.jpg","receipt_165.jpg"
"photo_-_-2-_jpg.rf.b599d08e7a10126b44e7e477ba6a4d5a.jpg","receipt_166.jpg"
"photo_-_-2-_jpg.rf.b6aa65d084cd56e6e75a39584d7687ce.jpg","receipt_167.jpg"
"photo_-_-2-_jpg.rf.b8f0661258a4d55d9c00708ed477bd22.jpg","receipt_168.jpg"
"photo_-_-2-_jpg.rf.ba22041f5c9d3fd0772515cbba6ea5ae.jpg","receipt_169.jpg"
"photo_-_-2-_jpg.rf.befadd494fb24e2d0274e503ca38073d.jpg","receipt_170.jpg"
"photo_-_-2-_jpg.rf.c1b5fcb3a307371d3ba0a083d5f91cca.jpg","receipt_171.jpg"
"photo_-_-2-_jpg.rf.c295d6158ada2cfc50b1080080c40c7c.jpg","receipt_172.jpg"
"photo_-_-2-_jpg.rf.c4635b24cfb433d6f5eda0e4a3a7540f.jpg","receipt_173.jpg"
"photo_-_-2-_jpg.rf.c5ec5c6e098239e4ca8402671266998b.jpg","receipt_174.jpg"
"photo_-_-2-_jpg.rf.ce04f54b4fd9f9303d3f523391ddbed5.jpg","receipt_175.jpg"
"photo_-_-2-_jpg.rf.cf617dbb57267abd42c4c893832c02dd.jpg","receipt_176.jpg"
"photo_-_-2-_jpg.rf.d08766bd932272db221a159d2f8293e1.jpg","receipt_177.jpg"
"photo_-_-2-_jpg.rf.d1bf0cb312efd4f8e9f48058be862ace.jpg","receipt_178.jpg"
"photo_-_-2-_jpg.rf.d29576d78a3ef1e2ab00f8d8f4fb8b41.jpg","receipt_179.jpg"
"photo_-_-2-_jpg.rf.d2cad82024ce0ece741950e724570acf.jpg","receipt_180.jpg"
"photo_-_-2-_jpg.rf.d3f6e9c218ba9fb96168add24b92182b.jpg","receipt_181.jpg"
"photo_-_-2-_jpg.rf.d70aae96137f8136b74b0a4f3f8c4862.jpg","receipt_182.jpg"
"photo_-_-2-_jpg.rf.dbc751ec241c47216e6ea9126f60c30c.jpg","receipt_183.jpg"
"photo_-_-2-_jpg.rf.dec08d0654ccc00ec33d950e9f8d7d46.jpg","receipt_184.jpg"
"photo_-_-2-_jpg.rf.df016334d39a1cef5842c3c756e78dbb.jpg","receipt_185.jpg"
"photo_-_-2-_jpg.rf.e1df21d23d06a6acff0025f8c88800b8.jpg","receipt_186.jpg"
"photo_-_-2-_jpg.rf.e36f6bb985904630e852978a8f5783cd.jpg","receipt_187.jpg"
"photo_-_-2-_jpg.rf.e6b391ec153d975ad4c02016c25025bd.jpg","receipt_188.jpg"
"photo_-_-2-_jpg.rf.e83cb93de5744d84268df4969657f3b9.jpg","receipt_189.jpg"
"photo_-_-2-_jpg.rf.ea4d55009bdb6de1fb6a496d7033a826.jpg","receipt_190.jpg"
"photo_-_-2-_jpg.rf.eb24ba743729a0225dc038fc18e5f8a2.jpg","receipt_191.jpg"
"photo_-_-2-_jpg.rf.eff9d56c963f21141c3330a02001d2dd.jpg","receipt_192.jpg"
"photo_-_-2-_jpg.rf.f40dd246f6d49a2c0fa9170e4f40aa53.jpg","receipt_193.jpg"
"photo_-_-2-_jpg.rf.f57f9492cc0c787d2fce0207390cd212.jpg","receipt_194.jpg"
"photo_-_-2-_jpg.rf.f595e9dfb541bd5d5279e572b9893b1a.jpg","receipt_195.jpg"
"photo_-_-2-_jpg.rf.f61c604595298613d08cb8165827246e.jpg","receipt_196.jpg"
"photo_-_-2-_jpg.rf.f74976fbc595070d4eea859f54530374.jpg","receipt_197.jpg"
"photo_-_-2-_jpg.rf.f971fb92c593a95a890c9b6bf8b261e9.jpg","receipt_198.jpg"
"photo_-_-2-_jpg.rf.fbe0be95e7356d8fe2362bbc74638a72.jpg","receipt_199.jpg"
"photo_-_-2-_jpg.rf.fdf916105819f19f69f6145c2a01a755.jpg","receipt_200.jpg"
"photo_-_-2-_jpg.rf.ffbf422ae2e5031b4fac533e834f82b5.jpg","receipt_201.jpg"
"photo_-_-3-_jpg.rf.089bae798fda5d675003567762d5d710.jpg","receipt_202.jpg"
"photo_-_-3-_jpg.rf.0b036368f4027304ae96b2d079b95cf9.jpg","receipt_203.jpg"
"photo_-_-3-_jpg.rf.1266341841ea83713c0f9dbbf2269150.jpg","receipt_204.jpg"
"photo_-_-3-_jpg.rf.1cc628264d9af3a67e12cf238830efed.jpg","receipt_205.jpg"
"photo_-_-3-_jpg.rf.1efa6b7449e829ffccfbd3745ddc921c.jpg","receipt_206.jpg"
"photo_-_-3-_jpg.rf.2b666f5b51eee0981f737ffa9f505636.jpg","receipt_207.jpg"
"photo_-_-3-_jpg.rf.2ba77c17fb2ca461a4be3b42b1b1a490.jpg","receipt_208.jpg"
"photo_-_-3-_jpg.rf.3188852a80adde462b428657290fa194.jpg","receipt_209.jpg"
"photo_-_-3-_jpg.rf.31d7aa3f8fd758dc534193bf461095d9.jpg","receipt_210.jpg"
"photo_-_-3-_jpg.rf.4bbf26fc0d55ed16f7f5f0180f1c773c.jpg","receipt_211.jpg"
"photo_-_-3-_jpg.rf.519489a310e8161cfada4c120889870d.jpg","receipt_212.jpg"
"photo_-_-3-_jpg.rf.52196bbe9b08eb9d3b39c13162673a75.jpg","receipt_213.jpg"
"photo_-_-3-_jpg.rf.540074a27adfe6649e800230ee3971cd.jpg","receipt_214.jpg"
"photo_-_-3-_jpg.rf.6635d3880fc8f122f54f39a663cc8028.jpg","receipt_215.jpg"
"photo_-_-3-_jpg.rf.6aa2a434af1a6549b6e91eacae84b7c7.jpg","receipt_216.jpg"
"photo_-_-3-_jpg.rf.6d4900efa997d58bbaffbff7ecdbadfe.jpg","receipt_217.jpg"
"photo_-_-3-_jpg.rf.703e90968e22443b332c88d22d256b3d.jpg","receipt_218.jpg"
"photo_-_-3-_jpg.rf.7211f1500bb1d988b77caf3d2615afdd.jpg","receipt_219.jpg"
"photo_-_-3-_jpg.rf.74f391c11d03d6e4273bd99f19dcdf58.jpg","receipt_220.jpg"
"photo_-_-3-_jpg.rf.75190804513cfb797dcf8545d05c7557.jpg","receipt_221.jpg"
"photo_-_-3-_jpg.rf.7a901c694ea0c7f1d806a468519b2bf1.jpg","receipt_222.jpg"
"photo_-_-3-_jpg.rf.81b56a1bf0905a2790a637e029ea1b3a.jpg","receipt_223.jpg"
"photo_-_-3-_jpg.rf.83df25eb74db4a4fa7a636587469e3b4.jpg","receipt_224.jpg"
"photo_-_-3-_jpg.rf.85eef08dc7dba6a5e353cd030cce633f.jpg","receipt_225.jpg"
"photo_-_-3-_jpg.rf.8f7dfc2e6f3fdf33d63977713db085cf.jpg","receipt_226.jpg"
"photo_-_-3-_jpg.rf.8fb4e09e398cf769631a2e91bea7962a.jpg","receipt_227.jpg"
"photo_-_-3-_jpg.rf.92176d6320a81ff700e8065c19676d7e.jpg","receipt_228.jpg"
"photo_-_-3-_jpg.rf.9492bd5f1d3266cb2e0e419025d2e560.jpg","receipt_229.jpg"
"photo_-_-3-_jpg.rf.9d784139ac8ffc081841b90d301a546b.jpg","receipt_230.jpg"
"photo_-_-3-_jpg.rf.aec7e337485d6728317c131cee38ba05.jpg","receipt_231.jpg"
"photo_-_-3-_jpg.rf.b510518dbb96e36b259e5a10d619a574.jpg","receipt_232.jpg"
"photo_-_-3-_jpg.rf.c2082c5a7225aef64e9012c845e9a7d9.jpg","receipt_233.jpg"
"photo_-_-3-_jpg.rf.cb3c3538b6db08135fec3799bc7d31b3.jpg","receipt_234.jpg"
"photo_-_-3-_jpg.rf.d7316b7ba3cbac827254643878ed62e3.jpg","receipt_235.jpg"
"photo_-_-3-_jpg.rf.da89243925778293779f6104d75e16eb.jpg","receipt_236.jpg"
"photo_-_-3-_jpg.rf.e4097981cbbccda8b18a4defb59ef8e1.jpg","receipt_237.jpg"
"photo_-_-3-_jpg.rf.e4bb5f0c7743453b3c542a2df5bb04ef.jpg","receipt_238.jpg"
"photo_-_-3-_jpg.rf.e9130ba0e3fe3671399137dcb1df0c3a.jpg","receipt_239.jpg"
"photo_-_-3-_jpg.rf.f8a14ffaf956c1a29f2d0c889e248434.jpg","receipt_240.jpg"
"THAI_RECEIPT_003140.jpg","receipt_241.jpg"
"THAI_RECEIPT_003141.jpg","receipt_242.jpg"
"THAI_RECEIPT_003149.jpg","receipt_243.jpg"
"THAI_RECEIPT_003161.jpg","receipt_244.jpg"
"THAI_RECEIPT_003217.jpg","receipt_245.jpg"
